{
"lengthUnit": "mil",
"remark": [],
"components": {
	"fields": ["COMPONENT_NO", "COMPONENT_NAME", "LAYER", "X_COORDINATE", "Y_COORDINATE", "ANGLE"],
	"rows": [
		[1, "5V", "T", 258.2645, -783.0625, 0],
		[2, "C1", "T", 450, -725, 90],
		[3, "C2", "T", 465, -165, 270],
		[4, "CN1", "T", 289.3685, -399.251, 270],
		[5, "GND", "T", 257.6345, -68.0625, 0],
		[6, "U1", "T", 980, -450, 270],
		[7, "PAD1", "T", 258.2645, -783.0625, 0],
		[8, "PAD2", "T", 450, -662.3, 0],
		[9, "PAD3", "T", 450, -787.7, 0],
		[10, "PAD4", "T", 465, -192.56, 0],
		[11, "PAD5", "T", 465, -137.44, 0],
		[12, "PAD6", "T", 346.4535, -251.611, 0],
		[13, "PAD7", "T", 346.4535, -300.821, 0],
		[14, "PAD8", "T", 346.4535, -350.031, 0],
		[15, "PAD9", "T", 346.4535, -399.251, 0],
		[16, "PAD10", "T", 346.4535, -546.891, 0],
		[17, "PAD11", "T", 232.2835, -647.281, 0],
		[18, "PAD12", "T", 232.2835, -151.221, 0],
		[19, "PAD13", "T", 257.6345, -68.0625, 0],
		[20, "PAD14", "T", 680, -95.67, 0],
		[21, "PAD15", "T", 580, -95.67, 0],
		[22, "PAD16", "T", 580, -804.33, 0],
		[23, "PAD17", "T", 1280, -804.33, 0],
		[24, "PAD18", "T", 1380, -804.33, 0],
		[25, "PAD19", "T", 680, -150, 0],
		[26, "PAD19", "B", 680, -150, 0],
		[27, "PAD20", "T", 580, -150, 0],
		[28, "PAD20", "B", 580, -150, 0],
		[29, "PAD21", "T", 580, -750, 0],
		[30, "PAD21", "B", 580, -750, 0],
		[31, "PAD22", "T", 1280, -750, 0],
		[32, "PAD22", "B", 1280, -750, 0],
		[33, "PAD23", "T", 1380, -750, 0],
		[34, "PAD23", "B", 1380, -750, 0]
	]
},
"pins": {
	"fields": ["PIN_NO", "PIN_NAME", "PIN_X", "PIN_Y", "LAYER", "PIN_TYPE", "NET_NAME", "NET_TYPE", "PAD_SHAPE", "PAD_SIZEX", "PAD_SIZEY", "HOLE_SIZE", "HOLE_LEN", "PAD_ANGLE"],
	"rows": [
		[1, "5V_1", 258.2645, -783.0625, "T", "SMD", "5V", "", "C", 50, 50, 0, 0, 0],
		[2, "C1_1", 450, -787.7, "T", "SMD", "5V", "", "R", 58.465, 68.031, 0, 0, 90],
		[3, "C1_2", 450, -662.3, "T", "SMD", "GND", "GND", "R", 58.465, 68.031, 0, 0, 90],
		[4, "C2_1", 465, -137.44, "T", "SMD", "GND", "GND", "R", 31.496, 35.433, 0, 0, 270],
		[5, "C2_2", 465, -192.56, "T", "SMD", "5V", "", "R", 31.496, 35.433, 0, 0, 270],
		[6, "CN1_1", 346.4535, -251.611, "T", "SMD", "5V", "", "R", 31.496, 62.992, 0, 0, 270],
		[7, "CN1_2", 346.4535, -300.821, "T", "SMD", "GND", "GND", "R", 31.496, 62.992, 0, 0, 270],
		[8, "CN1_3", 346.4535, -350.031, "T", "SMD", "SDA", "", "R", 31.496, 62.992, 0, 0, 270],
		[9, "CN1_4", 346.4535, -399.251, "T", "SMD", "SCL", "", "R", 31.496, 62.992, 0, 0, 270],
		[10, "CN1_5", 346.4535, -448.461, "T", "SMD", "NET_1", "", "R", 31.496, 62.992, 0, 0, 270],
		[11, "CN1_6", 346.4535, -497.671, "T", "SMD", "NET_2", "", "R", 31.496, 62.992, 0, 0, 270],
		[12, "CN1_7", 346.4535, -546.891, "T", "SMD", "RST", "", "R", 31.496, 62.992, 0, 0, 270],
		[13, "CN1_8", 232.2835, -647.281, "T", "SMD", "GND", "GND", "R", 82.677, 118.11, 0, 0, 270],
		[14, "CN1_9", 232.2835, -151.221, "T", "SMD", "GND", "GND", "R", 82.677, 118.11, 0, 0, 270],
		[15, "GND_1", 257.6345, -68.0625, "T", "SMD", "GND", "GND", "C", 50, 50, 0, 0, 0],
		[16, "U1_1", 1380, -95.67, "T", "SMD", "NET_3", "", "R", 78.74, 59.055, 0, 0, 270],
		[17, "U1_1", 1380, -150, "T", "DIP", "NET_4", "", "C", 62.992, 62.992, 39.37, 39.37, 270],
		[18, "U1_1", 1380, -150, "B", "DIP", "NET_4", "", "C", 62.992, 62.992, 39.37, 39.37, 270],
		[19, "U1_2", 1280, -95.67, "T", "SMD", "NET_5", "", "R", 78.74, 59.055, 0, 0, 270],
		[20, "U1_2", 1280, -150, "T", "DIP", "NET_6", "", "C", 62.992, 62.992, 39.37, 39.37, 270],
		[21, "U1_2", 1280, -150, "B", "DIP", "NET_6", "", "C", 62.992, 62.992, 39.37, 39.37, 270],
		[22, "U1_3", 1180, -95.67, "T", "SMD", "NET_7", "", "R", 78.74, 59.055, 0, 0, 270],
		[23, "U1_3", 1180, -150, "T", "DIP", "NET_8", "", "C", 62.992, 62.992, 39.37, 39.37, 270],
		[24, "U1_3", 1180, -150, "B", "DIP", "NET_8", "", "C", 62.992, 62.992, 39.37, 39.37, 270],
		[25, "U1_4", 1080, -95.67, "T", "SMD", "NET_9", "", "R", 78.74, 59.055, 0, 0, 270],
		[26, "U1_4", 1080, -150, "T", "DIP", "NET_10", "", "C", 62.992, 62.992, 39.37, 39.37, 270],
		[27, "U1_4", 1080, -150, "B", "DIP", "NET_10", "", "C", 62.992, 62.992, 39.37, 39.37, 270],
		[28, "U1_5", 980, -95.67, "T", "SMD", "NET_11", "", "R", 78.74, 59.055, 0, 0, 270],
		[29, "U1_5", 980, -150, "T", "DIP", "NET_12", "", "C", 62.992, 62.992, 39.37, 39.37, 270],
		[30, "U1_5", 980, -150, "B", "DIP", "NET_12", "", "C", 62.992, 62.992, 39.37, 39.37, 270],
		[31, "U1_6", 880, -95.67, "T", "SMD", "NET_13", "", "R", 78.74, 59.055, 0, 0, 270],
		[32, "U1_6", 880, -150, "T", "DIP", "NET_14", "", "C", 62.992, 62.992, 39.37, 39.37, 270],
		[33, "U1_6", 880, -150, "B", "DIP", "NET_14", "", "C", 62.992, 62.992, 39.37, 39.37, 270],
		[34, "U1_7", 780, -95.67, "T", "SMD", "NET_15", "", "R", 78.74, 59.055, 0, 0, 270],
		[35, "U1_7", 780, -150, "T", "DIP", "NET_16", "", "C", 62.992, 62.992, 39.37, 39.37, 270],
		[36, "U1_7", 780, -150, "B", "DIP", "NET_16", "", "C", 62.992, 62.992, 39.37, 39.37, 270],
		[37, "U1_8", 680, -95.67, "T", "SMD", "SDA", "", "R", 78.74, 59.055, 0, 0, 270],
		[38, "U1_8", 680, -150, "T", "DIP", "SDA", "", "C", 62.992, 62.992, 39.37, 39.37, 270],
		[39, "U1_8", 680, -150, "B", "DIP", "SDA", "", "C", 62.992, 62.992, 39.37, 39.37, 270],
		[40, "U1_9", 580, -95.67, "T", "SMD", "SCL", "", "R", 78.74, 59.055, 0, 0, 270],
		[41, "U1_9", 580, -150, "T", "DIP", "SCL", "", "C", 62.992, 62.992, 39.37, 39.37, 270],
		[42, "U1_9", 580, -150, "B", "DIP", "SCL", "", "C", 62.992, 62.992, 39.37, 39.37, 270],
		[43, "U1_10", 580, -804.33, "T", "SMD", "RST", "", "R", 78.74, 59.055, 0, 0, 270],
		[44, "U1_10", 580, -750, "T", "DIP", "RST", "", "C", 62.992, 62.992, 39.37, 39.37, 270],
		[45, "U1_10", 580, -750, "B", "DIP", "RST", "", "C", 62.992, 62.992, 39.37, 39.37, 270],
		[46, "U1_11", 680, -804.33, "T", "SMD", "NET_17", "", "R", 78.74, 59.055, 0, 0, 270],
		[47, "U1_11", 680, -750, "T", "DIP", "NET_18", "", "C", 62.992, 62.992, 39.37, 39.37, 270],
		[48, "U1_11", 680, -750, "B", "DIP", "NET_18", "", "C", 62.992, 62.992, 39.37, 39.37, 270],
		[49, "U1_12", 780, -804.33, "T", "SMD", "NET_19", "", "R", 78.74, 59.055, 0, 0, 270],
		[50, "U1_12", 780, -750, "T", "DIP", "NET_20", "", "C", 62.992, 62.992, 39.37, 39.37, 270],
		[51, "U1_12", 780, -750, "B", "DIP", "NET_20", "", "C", 62.992, 62.992, 39.37, 39.37, 270],
		[52, "U1_13", 880, -804.33, "T", "SMD", "NET_21", "", "R", 78.74, 59.055, 0, 0, 270],
		[53, "U1_13", 880, -750, "T", "DIP", "NET_22", "", "C", 62.992, 62.992, 39.37, 39.37, 270],
		[54, "U1_13", 880, -750, "B", "DIP", "NET_22", "", "C", 62.992, 62.992, 39.37, 39.37, 270],
		[55, "U1_14", 980, -804.33, "T", "SMD", "NET_23", "", "R", 78.74, 59.055, 0, 0, 270],
		[56, "U1_14", 980, -750, "T", "DIP", "NET_24", "", "C", 62.992, 62.992, 39.37, 39.37, 270],
		[57, "U1_14", 980, -750, "B", "DIP", "NET_24", "", "C", 62.992, 62.992, 39.37, 39.37, 270],
		[58, "U1_15", 1080, -804.33, "T", "SMD", "NET_25", "", "R", 78.74, 59.055, 0, 0, 270],
		[59, "U1_15", 1080, -750, "T", "DIP", "NET_26", "", "C", 62.992, 62.992, 39.37, 39.37, 270],
		[60, "U1_15", 1080, -750, "B", "DIP", "NET_26", "", "C", 62.992, 62.992, 39.37, 39.37, 270],
		[61, "U1_16", 1180, -804.33, "T", "SMD", "NET_27", "", "R", 78.74, 59.055, 0, 0, 270],
		[62, "U1_16", 1180, -750, "T", "DIP", "NET_28", "", "C", 62.992, 62.992, 39.37, 39.37, 270],
		[63, "U1_16", 1180, -750, "B", "DIP", "NET_28", "", "C", 62.992, 62.992, 39.37, 39.37, 270],
		[64, "U1_17", 1280, -804.33, "T", "SMD", "GND", "GND", "R", 78.74, 59.055, 0, 0, 270],
		[65, "U1_17", 1280, -750, "T", "DIP", "GND", "GND", "C", 62.992, 62.992, 39.37, 39.37, 270],
		[66, "U1_17", 1280, -750, "B", "DIP", "GND", "GND", "C", 62.992, 62.992, 39.37, 39.37, 270],
		[67, "U1_18", 1380, -804.33, "T", "SMD", "5V", "", "R", 78.74, 59.055, 0, 0, 270],
		[68, "U1_18", 1380, -750, "T", "DIP", "5V", "", "C", 62.992, 62.992, 39.37, 39.37, 270],
		[69, "U1_18", 1380, -750, "B", "DIP", "5V", "", "C", 62.992, 62.992, 39.37, 39.37, 270],
		[70, "PAD1_1", 258.2645, -783.0625, "T", "SMD", "5V", "", "C", 50, 50, 0, 0, 0],
		[71, "PAD2_2", 450, -662.3, "T", "SMD", "GND", "GND", "R", 58.465, 68.031, 0, 0, 90],
		[72, "PAD3_1", 450, -787.7, "T", "SMD", "5V", "", "R", 58.465, 68.031, 0, 0, 90],
		[73, "PAD4_2", 465, -192.56, "T", "SMD", "5V", "", "R", 31.496, 35.433, 0, 0, 270],
		[74, "PAD5_1", 465, -137.44, "T", "SMD", "GND", "GND", "R", 31.496, 35.433, 0, 0, 270],
		[75, "PAD6_1", 346.4535, -251.611, "T", "SMD", "5V", "", "R", 31.496, 62.992, 0, 0, 270],
		[76, "PAD7_2", 346.4535, -300.821, "T", "SMD", "GND", "GND", "R", 31.496, 62.992, 0, 0, 270],
		[77, "PAD8_3", 346.4535, -350.031, "T", "SMD", "SDA", "", "R", 31.496, 62.992, 0, 0, 270],
		[78, "PAD9_4", 346.4535, -399.251, "T", "SMD", "SCL", "", "R", 31.496, 62.992, 0, 0, 270],
		[79, "PAD10_7", 346.4535, -546.891, "T", "SMD", "RST", "", "R", 31.496, 62.992, 0, 0, 270],
		[80, "PAD11_8", 232.2835, -647.281, "T", "SMD", "GND", "GND", "R", 82.677, 118.11, 0, 0, 270],
		[81, "PAD12_9", 232.2835, -151.221, "T", "SMD", "GND", "GND", "R", 82.677, 118.11, 0, 0, 270],
		[82, "PAD13_1", 257.6345, -68.0625, "T", "SMD", "GND", "GND", "C", 50, 50, 0, 0, 0],
		[83, "PAD14_8", 680, -95.67, "T", "SMD", "SDA", "", "R", 78.74, 59.055, 0, 0, 270],
		[84, "PAD15_9", 580, -95.67, "T", "SMD", "SCL", "", "R", 78.74, 59.055, 0, 0, 270],
		[85, "PAD16_10", 580, -804.33, "T", "SMD", "RST", "", "R", 78.74, 59.055, 0, 0, 270],
		[86, "PAD17_17", 1280, -804.33, "T", "SMD", "GND", "GND", "R", 78.74, 59.055, 0, 0, 270],
		[87, "PAD18_18", 1380, -804.33, "T", "SMD", "5V", "", "R", 78.74, 59.055, 0, 0, 270],
		[88, "PAD19_8", 680, -150, "T", "DIP", "SDA", "", "C", 62.992, 62.992, 39.37, 39.37, 270],
		[89, "PAD19_8", 680, -150, "B", "DIP", "SDA", "", "C", 62.992, 62.992, 39.37, 39.37, 270],
		[90, "PAD20_9", 580, -150, "T", "DIP", "SCL", "", "C", 62.992, 62.992, 39.37, 39.37, 270],
		[91, "PAD20_9", 580, -150, "B", "DIP", "SCL", "", "C", 62.992, 62.992, 39.37, 39.37, 270],
		[92, "PAD21_10", 580, -750, "T", "DIP", "RST", "", "C", 62.992, 62.992, 39.37, 39.37, 270],
		[93, "PAD21_10", 580, -750, "B", "DIP", "RST", "", "C", 62.992, 62.992, 39.37, 39.37, 270],
		[94, "PAD22_17", 1280, -750, "T", "DIP", "GND", "GND", "C", 62.992, 62.992, 39.37, 39.37, 270],
		[95, "PAD22_17", 1280, -750, "B", "DIP", "GND", "GND", "C", 62.992, 62.992, 39.37, 39.37, 270],
		[96, "PAD23_18", 1380, -750, "T", "DIP", "5V", "", "C", 62.992, 62.992, 39.37, 39.37, 270],
		[97, "PAD23_18", 1380, -750, "B", "DIP", "5V", "", "C", 62.992, 62.992, 39.37, 39.37, 270]
	]
}
}